{
    "train_losses": [
        0.6496624747912089,
        0.6509093046188354,
        0.6096978584925333,
        0.5321459770202637,
        0.4706580440203349,
        0.5031792918841044,
        0.4000265300273895,
        0.4041573901971181,
        0.4150708019733429,
        0.3176823208729426
    ],
    "val_losses": [
        0.6950960159301758,
        0.6792076826095581,
        0.5843327641487122,
        0.4850943982601166,
        0.4540102183818817,
        0.434609591960907,
        0.4108201563358307,
        0.41598859429359436,
        0.47255197167396545,
        0.5652942061424255
    ],
    "train_accuracies": [
        0.6231884057971014,
        0.6376811594202898,
        0.6086956521739131,
        0.8695652173913043,
        0.8695652173913043,
        0.7101449275362319,
        0.8260869565217391,
        0.8985507246376812,
        0.8985507246376812,
        0.855072463768116
    ],
    "val_accuracies": [
        0.5,
        0.5,
        0.6111111111111112,
        0.8888888888888888,
        0.9444444444444444,
        0.9444444444444444,
        1.0,
        0.8333333333333334,
        0.7777777777777778,
        0.6111111111111112
    ]
}