{
    "train_losses": [
        0.6396870414415995,
        0.5771430333455404,
        0.5493012070655823,
        0.4603314797083537,
        0.44974175095558167,
        0.4060491919517517,
        0.3586353858311971,
        0.3607581555843353,
        0.3106047213077545,
        0.29436810811360675
    ],
    "val_losses": [
        0.6121485233306885,
        0.5621452331542969,
        0.5603080987930298,
        0.5207851529121399,
        0.4616296589374542,
        0.40589019656181335,
        0.38029760122299194,
        0.36164242029190063,
        0.3553154170513153,
        0.33484989404678345
    ],
    "train_accuracies": [
        0.6086956521739131,
        0.7391304347826086,
        0.7971014492753623,
        0.7536231884057971,
        0.7681159420289855,
        0.9130434782608695,
        0.9130434782608695,
        0.8840579710144928,
        0.9565217391304348,
        0.9565217391304348
    ],
    "val_accuracies": [
        0.5555555555555556,
        0.6666666666666666,
        0.5555555555555556,
        0.6666666666666666,
        0.8888888888888888,
        0.9444444444444444,
        0.9444444444444444,
        0.9444444444444444,
        0.9444444444444444,
        0.9444444444444444
    ]
}