{
    "train_losses": [
        2.792275240023931,
        0.6016801496346792,
        0.3058952714006106,
        0.21524488925933838,
        0.3180317282676697,
        0.1427892024318377,
        0.1506942162911097,
        0.10768987921377023,
        0.0649914729098479,
        0.07986910765369733
    ],
    "val_losses": [
        0.4048645794391632,
        0.5033422112464905,
        0.5102532505989075,
        0.40495219826698303,
        0.571788489818573,
        0.5643932223320007,
        0.9205446243286133,
        0.6597555875778198,
        0.6426947116851807,
        0.585453450679779
    ],
    "train_accuracies": [
        0.6231884057971014,
        0.7101449275362319,
        0.8115942028985508,
        0.9130434782608695,
        0.927536231884058,
        0.9420289855072463,
        0.9565217391304348,
        0.9565217391304348,
        0.9710144927536232,
        0.9855072463768116
    ],
    "val_accuracies": [
        0.7777777777777778,
        0.7777777777777778,
        0.7222222222222222,
        0.8333333333333334,
        0.7777777777777778,
        0.7777777777777778,
        0.7222222222222222,
        0.7777777777777778,
        0.8333333333333334,
        0.8333333333333334
    ]
}